"'s Graveland" , x, , , , , 
"'s Gravemoer" , x, , , , , 
"'s Gravendeel" , x, , , , , 
"'s Gravenhage" , x, , , , , 
"'s Gravenmoer" , , , x, , , 
"'s Gravenpolder" , x, , , , , 
"'s Gravesande" , x, , , , , 
"'s Heer-Abtskerke" , x, , , , , 
"'s Heer-Arendskerke" , x, , , , , 
"'s Heerenhoek" , x, , , , , 
"'s Hertogenbosch" , x, , x, , , 
"'s Princenhage" , , , , , x, 
"'s-Gravenmoer" , , , , , x, 
"'s-Hertogenbosch" , , , , , x, 
"'t Bildt" , x, , , , , 
"'t Zandt" , x, , , , , 
"(Geene kom)" , , , , x, , 
"10001-20000 inwoners" , , , , , x, 
"1001-2000 inwoners" , , , , , x, 
"20001-50000 inwoners" , , , , , x, 
"2001-5000 inwoners" , , , , , x, 
"500 of minder inwoners" , , , , , x, 
"5001-10000 inwoners" , , , , , x, 
"501-1000 inwoners" , , , , , x, 
"AEngwirden" , x, , , , , 
"ASSEN" , , , , , , x
"ASSENDELFT" , , , , , , x
"ASTEN" , , , , , , x
"AVEHORN" , , , , , , x
"AVEREEST" , , , , , , x
"AXEL" , , , , , , x
"Aagtekerke" , x, , , , , 
"Aalsmeer" , x, , , , , x
"Aalst" , x, x, x, x, x, x
"Aalten" , x, , , , , x
"Aar (Ter)" , x, , , , , x
"Aardenburg" , x, , , , , x
"Aarlanderveen" , x, , , , , x
"Aarle - Bistel" , , , , x, , 
"Aarle Rixtel" , x, , , , , x
"Aarle-Rixtel" , , x, x, , x, 
"Abbekerk" , x, , , , , x
"Abbenbroek" , x, , , , , x
"Abcoude - Haambrugge" , , , , , , x
"Abcoude - Proosdij" , , , , , , x
"Abcoude Baambrugge" , x, , , , , 
"Abcoude Proostdij en Aasdom" , x, , , , , 
"Ablas (Oud-)" , , , , , , x
"Ablasserdam" , , , , , , x
"Achtkarspelen" , x, , , , , x
"Achttienhoven" , x, , , , , x
"Adorp" , x, , , , , x
"Aduard" , x, , , , , x
"Aengwirden" , , , , , , x
"Akersloot" , x, , , , , x
"Alblas (Oud-)" , x, , , , , 
"Alblasserdam" , x, , , , , 
"Alem" , , , x, , , 
"Alem c.a." , , x, , , x, x
"Alem, Maren en Kessel" , , , , x, , 
"Alem, c. a." , x, , , , , 
"Alhen" , , , , x, , 
"Alkemade" , x, , , , , x
"Alkmaar" , x, , , , , x
"Almelo (Ambt)" , x, , , , , x
"Almelo (Stad)" , x, , , , , x
"Almkerk" , , x, x, x, , x
"Almkerk c.a." , , , , , x, 
"Almkerk, c. a." , x, , , , , 
"Alphen" , x, , , , , 
"Alphen c.a." , , x, x, , , 
"Alphen en Riel" , x, , , , x, 
"Alphen en Riel (N.-Br.)" , , , , , , x
"Ambij" , x, , , , , 
"Amby" , , , , , , x
"Ameide" , x, , , , , x
"Ameland" , x, , , , , x
"Amerongen" , x, , , , , x
"Amersfoort" , x, , , , , x
"Ammerstol" , x, , , , , x
"Ammerzoden" , x, , , , , x
"Amstenrade" , x, , , , , x
"Amsterdam" , x, , , , , x
"Andel" , x, x, x, , , 
"Andel c.a." , , , , , x, x
"Andijk" , x, , , , , x
"Angerlo" , x, , , , , x
"Ankeveen" , x, , , , , x
"Anlo" , x, , , , , 
"Anloo" , , , , , , x
"Anna - Paulowna" , , , , , , x
"Annaland (St.)" , , , , , , x
"Apeldoorn" , x, , , , , x
"Aplhen (Z.-H.)" , , , , , , x
"Appeltern" , x, , , , , x
"Appingedam" , x, , , , , x
"Arcen en Velden" , x, , , , , x
"Arkel" , x, , , , , x
"Arnemuiden" , x, , , , , x
"Arnhem" , x, , , , , x
"Asperen" , x, , , , , x
"Assen" , x, , , , , 
"Assendelft" , x, , , , , 
"Asten" , x, x, x, x, x, 
"Avenhorn" , x, , , , , 
"Avereest" , x, , , , , 
"Axel" , x, , , , , 
"BAARDERADEEL" , , , , , , x
"BAARDWIJK" , , , , , , x
"BAARLAND" , , , , , , x
"BAARLE-NASSAU" , , , , , , x
"BAARN" , , , , , , x
"BAEXEM" , , , , , , x
"BAFLO" , , , , , , x
"BAKEL c.a." , , , , , , x
"BALGOIJ" , , , , , , x
"BARENDRECHT" , , , , , , x
"BARNEVELD" , , , , , , x
"BARRADEEL" , , , , , , x
"BARSINGERHORN" , , , , , , x
"BARWOUTSWAARDER" , , , , , , x
"BATENBURG" , , , , , , x
"BATHEM" , , , , , , x
"BEDUM" , , , , , , x
"BEEGDEN" , , , , , , x
"BEEK" , , , , , , x
"BEEK EN DONK" , , , , , , x
"BEEMSTER" , , , , , , x
"BEERS" , , , , , , x
"BEERTA" , , , , , , x
"BEESD" , , , , , , x
"BEESEL" , , , , , , x
"BEETS" , , , , , , x
"BEIJERLAND (NIEUW)" , , , , , , x
"BEIJERLAND (OUD)" , , , , , , x
"BEIJERLAND (ZUID)" , , , , , , x
"BEILEN" , , , , , , x
"BELLINGWOLDE" , , , , , , x
"BEMELEN" , , , , , , x
"BEMMEL" , , , , , , x
"BENNEBROEK" , , , , , , x
"BENSCHOP" , , , , , , x
"BENTHUIZEN" , , , , , , x
"BERG EN TERBLIJT" , , , , , , x
"BERGAMBACHT" , , , , , , x
"BERGEIJK" , , , , , , x
"BERGEN (Limb.)" , , , , , , x
"BERGEN (N.H.)" , , , , , , x
"BERGEN OP ZOOM" , , , , , , x
"BERGH" , , , , , , x
"BERGHAREN" , , , , , , x
"BERGHEM" , , , , , , x
"BERKEL C.A. (Z.H.)" , , , , , , x
"BERKENWOUDE" , , , , , , x
"BERKERL (N. BR.)" , , , , , , x
"BERKHOUT" , , , , , , x
"BERLICOM" , , , , , , x
"BERSCHENHOEK" , , , , , , x
"BESOIJEN" , , , , , , x
"BEST" , , , , , , x
"BEUGEN.c.a." , , , , , , x
"BEUNINGEN" , , , , , , x
"BEUSINCHEM" , , , , , , x
"BEVERWIJK" , , , , , , x
"BIERUM" , , , , , , x
"BIERVLIET" , , , , , , x
"BIGGEKERKE" , , , , , , x
"BOLDT (DE)" , , , , , , x
"Baarderadeel" , x, , , , , 
"Baardwijk" , x, x, x, x, x, 
"Baarland" , x, , , , , 
"Baarle - Nassau" , , , , x, , 
"Baarle-Nassau" , x, x, x, , x, 
"Baarn" , x, , , , , 
"Badel" , , x, , , , 
"Baexem" , x, , , , , 
"Baflo" , x, , , , , 
"Bakel c.a." , , x, , , , 
"Bakel en Milheeze" , , , x, , x, 
"Bakel en Millheeze" , , , , x, , 
"Bakel, c. a." , x, , , , , 
"Balgoij" , x, , , , , 
"Barendrecht (Oost- en W.-)" , x, , , , , 
"Barneveld" , x, , , , , 
"Barradeel" , x, , , , , 
"Barsingerhorn" , x, , , , , 
"Barwoutswaarder" , x, , , , , 
"Batenburg" , x, , , , , 
"Bathmen" , x, , , , , 
"Bedum" , x, , , , , 
"Beegden" , x, , , , , 
"Beek" , x, , , , , 
"Beek en Donk" , x, x, x, x, x, 
"Beemster (de)" , x, , , , , 
"Beers" , x, x, x, x, x, 
"Beerta" , x, , , , , 
"Beesd" , x, , , , , 
"Beesel" , x, , , , , 
"Beets" , x, , , , , 
"Beijerland (Nieuw-)" , x, , , , , 
"Beijerland (Oud-)" , x, , , , , 
"Beijerland (Zuid-)" , x, , , , , 
"Beilen" , x, , , , , 
"Belfeld" , x, , , , , x
"Bellingewolde" , x, , , , , 
"Bemelen" , x, , , , , 
"Bemmel" , x, , , , , 
"Bennebroek" , x, , , , , 
"Benschop" , x, , , , , 
"Benthuizen" , x, , , , , 
"Berchem" , x, x, x, , , 
"Berg en Terblijt" , x, , , , , 
"Bergambacht" , x, , , , , 
"Bergeijk" , x, x, x, x, , 
"Bergen" , x, , , , , 
"Bergen op Zoom" , x, x, x, x, x, 
"Bergeyk" , , , , , x, 
"Bergh" , x, , , , , 
"Bergharen" , x, , , , , 
"Berghem" , , , , x, x, 
"Bergschenhoek" , x, , , , , 
"Berkel" , , , , x, , 
"Berkel c.a." , , x, x, , x, 
"Berkel en Rodenrijs" , x, , , , , 
"Berkel, c. a." , x, , , , , 
"Berkenwoude" , x, , , , , 
"Berkhout" , x, , , , , 
"Berlicum" , , x, x, x, x, 
"Berlicum, c. a." , x, , , , , 
"Besoijen" , x, x, x, x, x, 
"Best" , x, x, x, x, x, 
"Beugen" , , , x, , , 
"Beugen c.a." , , x, , , x, 
"Beugen en Rijkervoort" , , , , x, , 
"Beugen, c. a." , x, , , , , 
"Beuningen" , x, , , , , 
"Beusichem" , x, , , , , 
"Beverwijk" , x, , , , , 
"Bierum" , x, , , , , 
"Biervliet" , x, , , , , 
"Biggekerke" , x, , , , , 
"Bilt (de)" , x, , , , , 
"Bingelrade" , x, , , , , x
"Bladel c.a." , , x, x, , x, 
"Bladel en Netersel" , , , , x, , 
"Bladel, c. a." , x, , , , , 
"Bladel. E.a." , , , , , , x
"Blankenham" , x, , , , , 
"Blankenham." , , , , , , x
"Blaricum" , x, , , , , 
"Blaricum." , , , , , , x
"Bleiswijk" , x, , , , , 
"Bleiswijk." , , , , , , x
"Bleskensgraaf en Hofwegen" , x, , , , , 
"Bleskensgraaf." , , , , , , x
"Bloemendaal" , x, , , , , 
"Bloemendaal." , , , , , , x
"Blokker" , x, , , , , 
"Blokker." , , , , , , x
"Blokzijl" , x, , , , , 
"Blokzijl." , , , , , , x
"Bocholtz" , x, , , , , 
"Bodegraven" , x, , , , , 
"Bodegraven." , , , , , , x
"Boekel" , x, x, x, x, x, 
"Boekel." , , , , , , x
"Bokhoven" , x, x, x, x, x, 
"Bokhoven." , , , , , , x
"Bolsward" , x, , , , , 
"Bolsward." , , , , , , x
"Bommel (DEN)." , , , , , , x
"Bommel (Zalt-)" , x, , , , , 
"Bommel (den)" , x, , , , , 
"Bommenede" , x, , , , , 
"Boosteren" , , , , , , x
"Borculo" , x, , , , , 
"Borculo." , , , , , , x
"Borger" , x, , , , , 
"Borger." , , , , , , x
"Borgharen" , x, , , , , 
"Borgharen." , , , , , , x
"Borkel" , , , x, , , 
"Borkel c.a." , , , , , x, 
"Borkel en Schaft" , x, x, , x, , 
"Borkel en Schaft." , , , , , , x
"Born" , x, , , , , 
"Born." , , , , , , x
"Borne" , x, , , , , 
"Borne." , , , , , , x
"Borssele" , x, , , , , 
"Borsselen." , , , , , , x
"Boschkapelle" , x, , , , , 
"Boschkapelle." , , , , , , x
"Boscholtz." , , , , , , x
"Boskoop" , x, , , , , 
"Boskoop." , , , , , , x
"Bovenkarspel" , x, , , , , 
"Bovenkarspel." , , , , , , x
"Boxmeer" , x, x, x, x, x, 
"Boxmeer." , , , , , , x
"Boxtel" , x, x, x, x, x, 
"Boxtel." , , , , , , x
"Brakel" , x, , , , , 
"Brakel." , , , , , , x
"Brandwijk" , x, , , , , 
"Brandwijk." , , , , , , x
"Breda" , x, x, x, x, x, 
"Breda." , , , , , , x
"Breskens" , x, , , , , 
"Breskens." , , , , , , x
"Breukelen Nijenrode" , x, , , , , 
"Breukelen St. Pieters" , x, , , , , 
"Breukelen St. Pieters." , , , , , , x
"Breukelen- Nijenrode." , , , , , , x
"Brielle" , x, , , , , 
"Brielle." , , , , , , x
"Broek" , x, , , , , 
"Broek in Waterland" , x, , , , , 
"Broek in Waterland." , , , , , , x
"Broek op Langedijk" , x, , , , , 
"Broek op Langendijk." , , , , , , x
"Broekhuijsen" , x, , , , , 
"Broekhuizen." , , , , , , x
"Broeksittard" , x, , , , , 
"Broeksittard." , , , , , , x
"Brouwershaven" , x, , , , , 
"Brouwershaven." , , , , , , x
"Bruinisse" , x, , , , , 
"Bruinisse." , , , , , , x
"Brummen" , x, , , , , 
"Brummen." , , , , , , x
"Brunssum" , x, , , , , 
"Brunssum." , , , , , , x
"Budel" , x, , x, x, x, 
"Budel." , , , , , , x
"Buggenum" , x, , , , , 
"Buggenum." , , , , , , x
"Buiksloot" , x, , , , , 
"Buiksloot." , , , , , , x
"Bunde" , x, , , , , 
"Bunde." , , , , , , x
"Bunnik" , x, , , , , 
"Bunnik." , , , , , , x
"Bunschoten" , x, , , , , 
"Bunschoten." , , , , , , x
"Buren" , x, , , , , 
"Buren." , , , , , , x
"Burgh" , x, , , , , 
"Burgh." , , , , , , x
"Bussum" , x, , , , , 
"Bussum." , , , , , , x
"Buurmalsen" , x, , , , , 
"Buurmalsen." , , , , , , x
"Cadier en Keer" , x, , , , , 
"Cadier en Keer." , , , , , , x
"Cadzand" , x, , , , , 
"Cadzand." , , , , , , x
"Callantsoog" , x, , , , , 
"Callantsoog." , , , , , , x
"Capelle" , x, , x, x, x, 
"Capelle A/D Ijsel." , , , , , , x
"Capelle aan den IJssel" , x, , , , , 
"Capelle. (N. Br.)" , , , , , , x
"Cappelle" , , x, , , , 
"Castricum" , x, , , , , 
"Castricum." , , , , , , x
"Chaam" , x, x, x, x, x, 
"Chaam." , , , , , , x
"Charlois" , x, , , , , 
"Clinge" , x, , , , , 
"Clinge." , , , , , , x
"Coevorden" , x, , , , , 
"Coevorden." , , , , , , x
"Colijnsplaat" , x, , , , , 
"Colijnsplaat." , , , , , , x
"Cothen" , x, , , , , 
"Cothen." , , , , , , x
"Cromvoirt" , x, x, x, x, x, 
"Cromvoirt." , , , , , , x
"Cuijck. C.A." , , , , , , x
"Cuijk" , , , x, , , 
"Cuijk c.a." , , x, , , , 
"Cuijk en St. Agatha" , , , , x, , 
"Cuijk, c. a." , x, , , , , 
"Culemborg." , , , , , , x
"Culenborg" , x, , , , , 
"Cuyk en St. Agatha" , , , , , x, 
"Dalen" , x, , , , , 
"Dalen." , , , , , , x
"Dalfsen" , x, , , , , 
"Dalfsen." , , , , , , x
"Dantumadeel" , x, , , , , 
"Dantumadeel." , , , , , , x
"De Werken en Sleeuwijk" , , , , x, x, 
"Deil" , x, , , , , x
"Delden (AMBT)" , , , , , , x
"Delden (Ambt)" , x, , , , , 
"Delden (STAD)" , , , , , , x
"Delden (Stad)" , x, , , , , 
"Delfshaven" , x, , , , , 
"Delft" , x, , , , , x
"Delftzijl" , , , , , , x
"Delfzijl" , x, , , , , 
"Den Dungen" , , , , , x, 
"Denekamp" , x, , , , , x
"Deurgen en Dennenburg (Geene kom)" , , , , x, , 
"Deurne" , , , x, x, , 
"Deurne c.a." , , x, , , , 
"Deurne en Liesel" , , , , x, , x
"Deurne en Liessel" , , , , , x, 
"Deurne, c. a." , x, , , , , 
"Deursen" , , , x, , , 
"Deursen c.a." , , x, , , , 
"Deursen en Dennenburg" , , , , , x, x
"Deursen, c. a." , x, , , , , 
"Deventer" , x, , , , , x
"Didam" , x, , , , , x
"Dieden" , , , x, , , 
"Dieden c.a." , , x, , , , 
"Dieden, Demen, Langel" , , , , , x, 
"Dieden, Demmen en Langel (Geene kom)" , , , , x, , 
"Dieden, c. a." , x, , , , , 
"Diemen" , x, , , , , 
"Diepenheim" , x, , , , , 
"Diepenveen" , x, , , , , 
"Diessen" , x, x, x, , x, 
"Diessen." , , , , x, , 
"Diever" , x, , , , , 
"Dinteloord" , , x, x, , , 
"Dinteloord c.a." , , , , , x, 
"Dinteloord en Prinsland." , , , , x, , 
"Dinteloord, c. a." , x, , , , , 
"Dinther" , x, x, x, , x, 
"Dinther." , , , , x, , 
"Dinxperlo" , x, , , , , 
"Dirksland" , x, , , , , 
"Dodewaard" , x, , , , , 
"Doesburg" , x, , , , , 
"Doetinchem (Ambt)" , x, , , , , 
"Doetinchem (Stad)" , x, , , , , 
"Dokkum" , x, , , , , 
"Domburg" , x, , , , , 
"Dommelen" , x, x, x, x, x, 
"Dongen" , x, x, x, x, x, 
"Doniawerstal" , x, , , , , 
"Doorn" , x, , , , , 
"Doornspijk" , x, , , , , 
"Doorwerth" , x, , , , , 
"Dordrecht" , x, , , , , 
"Dreischor" , x, , , , , 
"Drenthe" , x, , , , , 
"Dreumel" , x, , , , , 
"Driebergen" , x, , , , , 
"Driel" , x, , , , , 
"Driewegen" , x, , , , , 
"Drongelen" , , , x, , , 
"Drongelen c.a." , , x, , , x, 
"Drongelen, c. a." , x, , , , , 
"Drunen" , x, x, x, x, x, 
"Druten" , x, , , , , 
"Dubbeldam" , x, , , , , 
"Duiven" , x, , , , , 
"Duivendijke" , x, , , , , 
"Duizel" , , , x, , , 
"Duizel c.a." , , x, , , x, 
"Duizel en Steensel (geene kom)" , , , , x, , 
"Duizel, c. a." , x, , , , , 
"Dungen (den)" , x, , , , , 
"Dussen" , , x, x, , x, 
"Dussen c.a." , , , , , x, 
"Dussen, c. a." , x, , , , , 
"Dwingelo" , x, , , , , 
"ELKERZEE" , , , , , , x
"ELLEMEET" , , , , , , x
"ELLEWOUTSDIJK" , , , , , , x
"ELSLOO" , , , , , , x
"ELST" , , , , , , x
"EMMEN" , , , , , , x
"EMPEL e.a." , , , , , , x
"ENGELEN" , , , , , , x
"ENSCHEDE" , , , , , , x
"EPE" , , , , , , x
"ERMELO" , , , , , , x
"ERP" , , , , , , x
"ERSCHAREN" , , , , , , x
"ESCH" , , , , , , x
"ETTEN EN LEUR" , , , , , , x
"EVERDINGEN" , , , , , , x
"EWIJK" , , , , , , x
"EZINGE" , , , , , , x
"Echt" , x, , , , , 
"Echteld" , x, , , , , 
"Edam" , x, , , , , 
"Ede" , x, , , , , 
"Eede" , x, , , , , 
"Eelde" , x, , , , , 
"Eemnes" , x, , , , , 
"Eenrum" , x, , , , , 
"Eensel" , , , , x, , 
"Eersel" , x, x, x, , x, 
"Egmond aan Zee" , x, , , , , 
"Egmond binnen" , x, , , , , 
"Eibergen" , x, , , , , 
"Eijgelshoven" , x, , , , , 
"Eijsden" , x, , , , , 
"Eindhoven" , x, x, x, x, x, 
"Elburg" , x, , , , , 
"Elkerzee" , x, , , , , 
"Ellemeet" , x, , , , , 
"Ellewoutsdijk" , x, , , , , 
"Elsloo" , x, , , , , 
"Elst" , x, , , , , 
"Emmen" , x, , , , , 
"Emmikhoven" , , x, , , , 
"Emmikhoven, c. a." , x, , , , , 
"Empel" , , , x, , , 
"Empel c.a." , , x, , , x, 
"Empel en Meerwijk" , , , , x, , 
"Empel, c. a." , x, , , , , 
"Engelen" , x, x, x, x, x, 
"Enkhuizen" , x, , , , , x
"Enschede" , x, , , , , 
"Epe" , x, , , , , 
"Ermelo" , x, , , , , 
"Erp" , x, x, x, x, x, 
"Esch" , x, x, x, x, x, 
"Escharen" , x, x, x, , x, 
"Eschharen" , , , , x, , 
"Est en Opijnen" , x, , , , , x
"Etten c.a." , , , x, , , 
"Etten en Leur" , x, x, , x, x, 
"Etten en leur" , , , , x, , 
"Everdingen" , x, , , , , 
"Ewijk" , x, , , , , 
"Ezinge" , x, , , , , 
"FERWERDERADEEL" , , , , , , x
"FIJNAART c.a." , , , , , , x
"FINSTERWOLDE" , , , , , , x
"FRANEKER" , , , , , , x
"FRANEKERADEEL" , , , , , , x
"Ferwerderadeel" , x, , , , , 
"Fijnaart" , , , x, , , 
"Fijnaart c.a." , , x, , , x, 
"Fijnaart en Heiningen" , , , , x, , 
"Fijnaart, c. a." , x, , , , , 
"Finsterwolde" , x, , , , , 
"Fort Bath en Bath" , x, , , , , 
"Franeker" , x, , , , , 
"Franekeradeel" , x, , , , , 
"Friesland" , x, , , , , 
"GAASTERLAND" , , , , , , x
"GASSEL" , , , , , , x
"GEERTRUIDENBERG" , , , , , , x
"GEERVLIET" , , , , , , x
"GEFFEN" , , , , , , x
"GELDERMALSEN" , , , , , , x
"GELDROP" , , , , , , x
"GEMERT" , , , , , , x
"GENDEREN c.a." , , , , , , x
"GENDRINGEN" , , , , , , x
"GENEMUIDEN" , , , , , , x
"GENNEP" , , , , , , x
"GENT" , , , , , , x
"GESTEL c.a" , , , , , , x
"GEULLE" , , , , , , x
"GIESSEN" , , , , , , x
"GIESSEN- NIEUWKERK" , , , , , , x
"GIETEN" , , , , , , x
"GIETHOORN" , , , , , , x
"GILZE-RIJEN" , , , , , , x
"GINNEKEN  c.a." , , , , , , x
"GIORLE" , , , , , , x
"GOEDEREEDE" , , , , , , x
"GOES" , , , , , , x
"GOOR" , , , , , , x
"GORINCHEM" , , , , , , x
"GORSSEL" , , , , , , x
"GOUDA" , , , , , , x
"GOUDERAK" , , , , , , x
"GOUDERIAAN" , , , , , , x
"GOUDSWAARD" , , , , , , x
"GRAAUW EN LANGENDAM" , , , , , , x
"GRAFHORST" , , , , , , x
"GRAFT" , , , , , , x
"GRAMSBERGEN" , , , , , , x
"GRATHEM" , , , , , , x
"GRAVE" , , , , , , x
"GREVENBICHT" , , , , , , x
"GRIJPSKERK" , , , , , , x
"GRIJPSKERKE" , , , , , , x
"GROEDE" , , , , , , x
"GROENLO" , , , , , , x
"GROESBEEK" , , , , , , x
"GRONINGEN" , , , , , , x
"GRONSVELD" , , , , , , x
"GROOT-AMMERS" , , , , , , x
"GROOTEBROEK" , , , , , , x
"GROOTEGAST" , , , , , , x
"GRUBBENVORST" , , , , , , x
"GULPEN" , , , , , , x
"Gaasterland" , x, , , , , 
"Gameren" , x, , , , , x
"Gassel" , x, x, x, x, x, 
"Gasselte" , x, , , , , x
"Geertruid (St.)" , , , , , , x
"Geertruidenberg" , x, x, x, x, x, 
"Geervliet" , x, , , , , 
"Geffen" , x, x, x, x, x, 
"Geheele Provincie" , , , , , x, 
"Gelderland" , x, , , , , 
"Geldermalsen" , x, , , , , 
"Geldrop" , x, x, x, x, x, 
"Geleen" , x, , , , , x
"Gemert" , x, x, x, x, x, 
"Gendringen" , x, , , , , 
"Genemuiden" , x, , , , , 
"Gennep" , x, , , , , 
"Gent" , x, , , , , 
"Gessel en Blaarthem" , , , , x, , 
"Gestel c.a." , , x, , , x, 
"Gestel en Blaarthem" , , , x, , , 
"Gestel, c. a." , x, , , , , 
"Geul" , x, , , , , 
"Giessen" , x, x, x, x, x, 
"Giessen-Nieuwkerk" , x, , , , , 
"Giessendam" , x, , , , , x
"Gieten" , x, , , , , 
"Giethoorn" , x, , , , , 
"Gilze c.a." , , , x, , , 
"Gilze en Rijen" , x, x, , , , 
"Gilze en rijen" , , , , x, , 
"Gilze-Rijen" , , , , , x, 
"Ginneken" , , , x, , , 
"Ginneken c.a." , , x, , , , 
"Ginneken, c. a." , x, , , , , 
"Ginneken, c.a." , , , , , x, 
"Ginnikken en Bavel" , , , , x, , 
"Goedereede" , x, , , , , 
"Goes" , x, , , , , 
"Goirle" , x, x, x, x, x, 
"Goor" , x, , , , , 
"Gorinchem" , x, , , , , 
"Gorssel" , x, , , , , 
"Gouda" , x, , , , , 
"Gouderak" , x, , , , , 
"Goudriaan" , x, , , , , 
"Goudswaard" , x, , , , , 
"Graauw en Langendijk" , x, , , , , 
"Grafhorst" , x, , , , , 
"Graft" , x, , , , , 
"Gramsbergen" , x, , , , , 
"Grathem" , x, , , , , 
"Grave" , x, x, x, x, x, 
"Grevenbicht" , x, , , , , 
"Grijpskerk" , x, , , , , 
"Grijpskerke" , x, , , , , 
"Groede" , x, , , , , 
"Groenlo" , x, , , , , 
"Groesbeek" , x, , , , , 
"Groningen" , x, , , , , 
"Gronsfeld" , x, , , , , 
"Groot-Ammers" , x, , , , , 
"Grootebroek" , x, , , , , 
"Grootegast" , x, , , , , 
"Grubbenvorst" , x, , , , , 
"Gulpen" , x, , , , , 
"HAAFTEN" , , , , , , x
"HAAKSBERGEN" , , , , , , x
"HAAMSTEDE" , , , , , , x
"HAARDENBERG (AMBT)" , , , , , , x
"HAAREN" , , , , , , x
"HAARLEM" , , , , , , x
"HAARLEMMERLIEDE EN SPAARNWOUDE" , , , , , , x
"HAARLEMMERMEER" , , , , , , x
"HAARZUILENS" , , , , , , x
"HAASTRECHT" , , , , , , x
"HAELEN" , , , , , , x
"HAGESTEIN" , , , , , , x
"HALSTEREN" , , , , , , x
"HAM (DEN)" , , , , , , x
"HAPS" , , , , , , x
"HARDENBERG (STAD)" , , , , , , x
"HARDERWIJK" , , , , , , x
"HARDINXVELD" , , , , , , x
"HAREN" , , , , , , x
"HARENKARSPEL" , , , , , , x
"HARLINGEN" , , , , , , x
"HARMELEN" , , , , , , x
"HASKERLAND" , , , , , , x
"HASSELT" , , , , , , x
"HATTEM" , , , , , , x
"HAVELTE" , , , , , , x
"HAZERSWOUDE" , , , , , , x
"HEDEL" , , , , , , x
"HEDIKHUIZEN" , , , , , , x
"HEEL EN PANHEEL" , , , , , , x
"HEEMSKERK" , , , , , , x
"HEEMSTEDE" , , , , , , x
"HEENVLIET" , , , , , , x
"HEER" , , , , , , x
"HEERDE" , , , , , , x
"HEEREWAARDEN" , , , , , , x
"Haaften" , x, , , , , 
"Haaksbergen" , x, , , , , 
"Haamstede" , x, , , , , 
"Haaren" , x, x, x, x, x, 
"Haarlem" , x, , , , , 
"Haarlemmerliede en Spaarnwoude" , x, , , , , 
"Haarlemmermeer" , x, , , , , 
"Haarzuilens" , x, , , , , 
"Haastrecht" , x, , , , , 
"Haelen" , x, , , , , 
"Hagestein" , x, , , , , 
"Halsteren" , x, x, x, x, x, 
"Ham (den)" , x, , , , , 
"Haps" , x, x, x, x, x, 
"Hardenberg (Ambt)" , x, , , , , 
"Hardenberg (Stad)" , x, , , , , 
"Harderwijk" , x, , , , , 
"Hardinxveld" , x, , , , , 
"Haren" , x, , , , , 
"Harenkarspel" , x, , , , , 
"Harlingen" , x, , , , , 
"Harmelen" , x, , , , , 
"Haskerland" , x, , , , , 
"Hasselt" , x, , , , , 
"Hattem" , x, , , , , 
"Havelte" , x, , , , , 
"Hazerswoude" , x, , , , , 
"Hedel" , x, , , , , 
"Hedikhuizen" , x, x, x, x, x, 
"Heek" , , , , x, , 
"Heel en Panheel" , x, , , , , 
"Heemskerk" , x, , , , , 
"Heemstede" , x, , , , , 
"Heenvliet" , x, , , , , 
"Heer" , x, , , , , 
"Heerde" , x, , , , , 
"Heerewaarden" , x, , , , , 
"Heerhugowaard" , x, , , , , x
"Heerjansdam" , x, , , , , x
"Heerlen" , x, , , , , x
"Heesbeen" , , , x, , x, 
"Heesbeen c.a." , , x, , , , 
"Heesbeen, Eethen en Genderen (Geene Kom)" , , , , x, , 
"Heesbeen, c. a." , x, , , , , 
"Heesch" , x, x, x, x, x, x
"Heeschwijk" , , , , , , x
"Heeswijk" , x, x, x, x, x, 
"Heeze" , x, x, x, x, x, x
"Hei- en Boeicop" , x, , , , , 
"Hei- en boeicop" , , , , , , x
"Heijthuijsen" , x, , , , , 
"Heijthuizen" , , , , , , x
"Heille" , x, , , , , 
"Heilo" , x, , , , , x
"Heinenoord" , x, , , , , x
"Heinkenszand" , x, , , , , x
"Heino" , x, , , , , x
"Hekelingen" , x, , , , , x
"Hekendorp" , x, , , , , x
"Helden" , x, , , , , x
"Helder" , x, , , , , x
"Hellendoorn" , x, , , , , x
"Hellevoetsluis" , x, , , , , x
"Helmond" , x, x, x, x, x, x
"Helvoet (Nieuw-)" , x, , , , , 
"Helvoirt" , x, x, x, x, x, x
"Hemelumer Oldephaert en Noordwolde" , x, , , , , 
"Hemelumer, Oldephaert en Noordwolde" , , , , , , x
"Hemmen" , x, , , , , x
"Hendrik-Ido-Ambacht" , x, , , , , x
"Hengelo" , x, , , , , 
"Hengelo (Geld.)" , , , , , , x
"Hengelo (Ov.)" , , , , , , x
"Hengstdijk" , x, , , , , x
"Hennaarderadeel" , x, , , , , x
"Hensbroek" , x, , , , , x
"Herkenbosch en Melick" , x, , , , , 
"Herkingen" , x, , , , , x
"Herpen" , x, x, x, x, x, x
"Herpt" , , , , x, , 
"Herpt c.a." , , x, x, , , 
"Herpt en Bern" , , , , , x, x
"Herpt, c. a." , x, , , , , 
"Herten" , x, , , , , x
"Herwen en Aerdt" , x, , , , , x
"Herwijnen" , x, , , , , x
"Heteren" , x, , , , , x
"Heukelem" , , , , , , x
"Heukelum" , x, , , , , 
"Heumen" , x, , , , , x
"Heusden" , x, x, x, x, x, x
"Hillegersberg" , x, , , , , 
"Hillegom" , x, , , , , x
"Hilligersberg" , , , , , , x
"Hilvarenbeek" , x, x, x, x, x, x
"Hilversum" , x, , , , , x
"Hindeloopen" , , , , , , x
"Hindelopen" , x, , , , , 
"Hoedekenskerke" , x, , , , , x
"Hoek" , x, , , , , x
"Hoenkoop" , x, , , , , x
"Hoensbroek" , x, , , , , x
"Hoevelaken" , x, , , , , x
"Hoeven" , , x, , x, x, x
"Hoeven c.a." , , , x, , , 
"Hoeven, c. a." , x, , , , , 
"Hof van Delft" , x, , , , , x
"Hoge- enLage Mierde" , , , , x, , 
"Holten" , x, , , , , x
"Hontenisse" , x, , , , , x
"Hoofdplaat" , x, , , , , x
"Hoogblokland" , x, , , , , x
"Hooge en Lage Mierde" , , , , , x, 
"Hooge en Lage Zwaluwe" , , , , , x, 
"Hooge- en Lage-Zwaluwe" , , , , x, , 
"Hooge- en Lagemierde" , x, , , , , x
"Hooge- en Lagezwaluwe" , , , , , , x
"Hooge-Mierde c.a." , , x, , , , 
"Hoogeloon" , , , x, , x, x
"Hoogeloon c.a." , , x, , , , 
"Hoogeloon, Hapert en Casteren (Geene kom)" , , , , x, , 
"Hoogeloon, c. a." , x, , , , , 
"Hoogemierde" , , , x, , , 
"Hoogeveen" , x, , , , , x
"Hoogezand" , x, , , , , x
"Hoogkarspel" , x, , , , , x
"Hoogkerk" , x, , , , , x
"Hoogland" , x, , , , , x
"Hoogvliet" , x, , , , , x
"Hoogwoud" , x, , , , , x
"Hoorn" , x, , , , , x
"Hoornaar" , x, , , , , x
"Horn" , x, , , , , x
"Horssem" , , , , , , x
"Horssen" , x, , , , , 
"Horst" , x, , , , , x
"Houten" , x, , , , , x
"Houthem" , x, , , , , x
"Houtrijk en Polanen" , x, , , , , 
"Huibergen" , , x, , , , 
"Huijbergen" , x, , x, x, , x
"Huiseling" , , x, , , , 
"Huisseling" , , , x, , , x
"Huisseling en Neerloon" , , , , x, x, 
"Huisseling, c. a." , x, , , , , 
"Huissen" , x, , , , , x
"Huizen" , x, , , , , x
"Hulsberg" , x, , , , , x
"Hulst" , x, , , , , x
"Hummelo" , x, , , , , 
"Hummelo en keppel" , , , , , , x
"Hunsel" , x, , , , , x
"Hurwenen" , x, , , , , x
"Huybergen" , , , , , x, 
"IJerseke" , x, , , , , 
"IJlst" , x, , , , , 
"IJsselmonde" , x, , , , , 
"IJsselmuiden" , x, , , , , 
"IJsselstein" , x, , , , , 
"IJzendijke" , x, , , , , 
"IJzendoorn" , x, , , , , 
"Idaarderadeel" , x, , , , , x
"Ijlst" , , , , , , x
"Ijsselmonde" , , , , , , x
"Ijsselmuiden" , , , , , , x
"Ijsselstein" , , , , , , x
"Ijzendijke" , , , , , , x
"Ijzendoorn" , , , , , , x
"Ilpendam" , x, , , , , x
"Itteren" , x, , , , , x
"Ittervoort" , x, , , , , x
"Jaarsveld" , x, , , , , x
"Jabeek" , x, , , , , x
"Jansteen (st)" , , , , , , x
"Jisp" , x, , , , , x
"Jupthaas" , , , , , , x
"Jutphaas" , x, , , , , 
"Kamerik" , x, , , , , x
"Kampen" , x, , , , , x
"Kamperveen" , x, , , , , x
"Kantens" , x, , , , , x
"Kapelle" , x, , , , , x
"Katendrecht" , x, , , , , 
"Kats" , x, , , , , x
"Kattendijke" , x, , , , , x
"Katwijk" , x, , , , , x
"Katwoude" , x, , , , , x
"Kedichem" , x, , , , , x
"Kerkrade" , x, , , , , x
"Kerkwerve" , x, , , , , x
"Kerkwijk" , x, , , , , x
"Kessel" , x, , , , , x
"Kesteren" , x, , , , , x
"Kethel c.a." , , , , , , x
"Kethel en Spaland" , x, , , , , 
"Klaaswaal" , x, , , , , x
"Klimmen" , x, , , , , x
"Kloetinge" , x, , , , , x
"Kloosterburen" , x, , , , , x
"Klundert" , x, x, x, x, x, x
"Kockengen" , x, , , , , x
"Koedijk" , x, , , , , x
"Koewacht" , x, , , , , x
"Kollumerland" , , , , , , x
"Kollumerland en Nieuw-kruisland" , x, , , , , 
"Koog aan de Zaan" , x, , , , , 
"Koog aan de zaan" , , , , , , x
"Kortenhoef" , x, , , , , x
"Kortgene" , x, , , , , x
"Koudekerk" , x, , , , , x
"Koudekerke" , x, , , , , x
"Krabbendiijke" , , , , , , x
"Krabbendijke" , x, , , , , 
"Kralingen" , x, , , , , 
"Krimpen a/d ijssel" , , , , , , x
"Krimpen a/d lek" , , , , , , x
"Krimpen aan de Lek" , x, , , , , 
"Krimpen aan den IJssel" , x, , , , , 
"Krommenie" , x, , , , , x
"Kruiningen" , x, , , , , x
"Kruis (St.)" , , , , , , x
"Kuinre" , x, , , , , x
"Kwadijk" , x, , , , , x
"LIENDEN." , , , , , , x
"Laag-nieuwkoop" , , , , , , x
"Laagnieuwkoop" , x, , , , , 
"Landsmeer" , x, , , , , x
"Langbroek" , x, , , , , 
"Langbroek." , , , , , , x
"Lange Ruige Weide." , , , , , , x
"Langerak" , x, , , , , 
"Langerak." , , , , , , x
"Langeruigeweide" , x, , , , , 
"Laren" , x, , , , , 
"Laren. (Geld.)" , , , , , , x
"Laren. (N.H.)" , , , , , , x
"Laurens (St.)." , , , , , , x
"Leek" , x, , , , , 
"Leek." , , , , , , x
"Leende" , x, x, x, x, x, 
"Leende." , , , , , , x
"Leens" , x, , , , , 
"Leens." , , , , , , x
"Leerbroek" , x, , , , , 
"Leerbroek." , , , , , , x
"Leerdam" , x, , , , , 
"Leerdam." , , , , , , x
"Leersum" , x, , , , , 
"Leersum." , , , , , , x
"Leeuwarden" , x, , , , , 
"Leeuwarden." , , , , , , x
"Leeuwarderadeel" , x, , , , , 
"Leeuwarderadeel." , , , , , , x
"Leiden." , , , , , , x
"Leiderdorp." , , , , , , x
"Leijden" , x, , , , , 
"Leijderdorp" , x, , , , , 
"Leijmuiden" , x, , , , , 
"Leimuiden." , , , , , , x
"Lekkerkerk" , x, , , , , 
"Lekkerkerk." , , , , , , x
"Lekkerland (Nieuw)" , , , , , , x
"Lekkerland (Nieuw-)" , x, , , , , 
"Lemsterland" , x, , , , , 
"Lemsterland." , , , , , , x
"Leusden" , x, , , , , 
"Leusden." , , , , , , x
"Lexmond" , x, , , , , 
"Lexmond." , , , , , , x
"Lichtenvoorde" , x, , , , , 
"Lichtenvoorde." , , , , , , x
"Liempde" , x, x, x, x, x, 
"Liempde." , , , , , , x
"Lienden" , x, , , , , 
"Lienshout" , , , , x, , 
"Lier (De)." , , , , , , x
"Lier (de)" , x, , , , , 
"Lierop" , x, x, x, x, x, 
"Lierop." , , , , , , x
"Lieshout" , x, x, x, , x, 
"Lieshout." , , , , , , x
"Limbricht" , x, , , , , 
"Limbricht." , , , , , , x
"Limburg" , x, , , , , 
"Limmen" , x, , , , , 
"Limmen." , , , , , , x
"Linden" , x, x, x, x, x, 
"Linden." , , , , , , x
"Lindt (Groote)" , x, , , , , 
"Linne" , x, , , , , 
"Linne." , , , , , , x
"Linschoten" , x, , , , , 
"Linschoten." , , , , , , x
"Lisse" , x, , , , , 
"Lisse." , , , , , , x
"Lith" , x, x, x, x, x, 
"Lith." , , , , , , x
"Lithoijen" , x, x, x, , , 
"Lithoijen (geene kom)" , , , , x, , 
"Lithoyen" , , , , , x, 
"Lithoyen." , , , , , , x
"Lochem" , x, , , , , 
"Lochem." , , , , , , x
"Loenen" , x, , , , , 
"Loenen." , , , , , , x
"Loenersloot" , x, , , , , 
"Loenersloot." , , , , , , x
"Lonneker" , x, , , , , 
"Lonneker." , , , , , , x
"Loon op Zand" , x, x, , x, , 
"Loon op Zand." , , , , , , x
"Loon-op-Zand" , , , , , x, 
"Loonopzand" , , , x, , , 
"Loosdrecht" , x, , , , , 
"Loosdrecht." , , , , , , x
"Loosduinen" , x, , , , , 
"Loosduinen." , , , , , , x
"Lopik" , x, , , , , 
"Lopik." , , , , , , x
"Loppersum" , x, , , , , 
"Loppersum." , , , , , , x
"Losser" , x, , , , , 
"Losser." , , , , , , x
"Luijksgestel" , x, x, x, x, , 
"Luyksgestel" , , , , , x, 
"Luyksgestel." , , , , , , x
"MAURIK" , , , , , , x
"MEDEMBLIK" , , , , , , x
"MEEDEN" , , , , , , x
"MEERKERK" , , , , , , x
"MEERLO" , , , , , , x
"MEERSSEN" , , , , , , x
"MEGEN c.a." , , , , , , x
"MEIJEL" , , , , , , x
"MELICK EN HERKENBOSCH" , , , , , , x
"MELISKERKE" , , , , , , x
"MELLISSANT" , , , , , , x
"MENALDUMADEEL" , , , , , , x
"MEPPEL" , , , , , , x
"MERKELBEEK" , , , , , , x
"MESCH" , , , , , , x
"MHEER" , , , , , , x
"MICHIELS-GESTEL (St.)" , , , , , , x
"MIDDELBURG" , , , , , , x
"MIDDELHARNIS" , , , , , , x
"MIDDELIE" , , , , , , x
"MIDDELSTUM" , , , , , , x
"MIDWOLDA" , , , , , , x
"MIDWOUD" , , , , , , x
"MIERLO" , , , , , , x
"MIJDRECHT" , , , , , , x
"MIJNSHEERENLAND" , , , , , , x
"MILL EN ST. HUBERT" , , , , , , x
"MILLINGEN" , , , , , , x
"MOERCAPELLE" , , , , , , x
"MOERGESTEL" , , , , , , x
"MOLENAARSGRAAF" , , , , , , x
"MONNICKENDAM" , , , , , , x
"MONSTER" , , , , , , x
"MONTFOORT" , , , , , , x
"MONTFORT" , , , , , , x
"MOOK EN MIDDELAAR" , , , , , , x
"MOORDRECHT" , , , , , , x
"MUIDEN" , , , , , , x
"MUNSTERGELEEN" , , , , , , x
"MUNTENDAM" , , , , , , x
"Maarheeze" , x, x, x, x, x, 
"Maarheeze." , , , , , , x
"Maarn" , x, , , , , 
"Maarn." , , , , , , x
"Maarssen" , x, , , , , 
"Maarssen." , , , , , , x
"Maarsseveen" , x, , , , , 
"Maarsseveen." , , , , , , x
"Maarten (St.)" , , , , , , x
"Maartensdijk" , x, , , , , 
"Maartensdijk (St.)." , , , , , , x
"Maartensdijk." , , , , , , x
"Maasbracht" , x, , , , , 
"Maasbracht." , , , , , , x
"Maasbree" , x, , , , , 
"Maasbree." , , , , , , x
"Maasdam" , x, , , , , 
"Maasdam." , , , , , , x
"Maashees" , , , x, , x, 
"Maashees c.a." , , x, , , , 
"Maashees, c. a." , x, , , , , 
"Maashees." , , , , , , x
"Maashoes en Overloon" , , , , x, , 
"Maasland" , x, , , , , 
"Maasland." , , , , , , x
"Maasniel" , x, , , , , 
"Maasniel." , , , , , , x
"Maassluis" , x, , , , , 
"Maassluis." , , , , , , x
"Maastricht" , x, , , , , 
"Maastricht." , , , , , , x
"Made c.a." , , x, x, , , 
"Made en Drimmelen" , , , , x, x, 
"Made, c. a." , x, , , , , 
"Made. C.a." , , , , , , x
"Margraten" , x, , , , , 
"Margraten." , , , , , , x
"Markelo" , x, , , , , 
"Markelo." , , , , , , x
"Marken" , x, , , , , 
"Marken." , , , , , , x
"Marum" , x, , , , , 
"Marum." , , , , , , x
"Mathenes (Oud- en Nieuw-)" , x, , , , , 
"Maurik" , x, , , , , 
"Medemblik" , x, , , , , 
"Meeden" , x, , , , , 
"Meerkerk" , x, , , , , 
"Meerlo" , x, , , , , 
"Meerssen" , x, , , , , 
"Meeuwen" , , x, , , , 
"Meeuwen Hill en Babylonienbr." , , , , , x, 
"Meeuwen c.a." , , , x, , , 
"Meeuwen, Hill en BabiloniÃ«nbroek" , , , , , , 
"Meeuwen, c. a." , x, , , , , 
"Megen" , , , x, , , 
"Megen c.a." , , x, , , , 
"Megen, Haren en Macharen" , , , , x, , 
"Megen, c. a." , x, , , , , 
"Megen, c.a." , , , , , x, 
"Meijel" , x, , , , , 
"Meliskerke" , x, , , , , 
"Melissant" , x, , , , , 
"Menaldumadeel" , x, , , , , 
"Meppel" , x, , , , , 
"Merkelbeek" , x, , , , , 
"Mesch" , x, , , , , 
"Mheer" , x, , , , , 
"Michelsgestel (St.)" , , , , x, , 
"Middelburg" , x, , , , , 
"Middelharnis" , x, , , , , 
"Middelie" , x, , , , , 
"Middelstum" , x, , , , , 
"Midwolde" , x, , , , , 
"Midwoud" , x, , , , , 
"Mierlo" , x, x, x, x, x, 
"Mijdrecht" , x, , , , , 
"Mijnsheerenland" , x, , , , , 
"Mill" , , , x, , , 
"Mill c.a." , , x, , , , 
"Mill en St. Hubert" , , , , , x, 
"Mill en st. Hubert" , , , , x, , 
"Mill, c. a." , x, , , , , 
"Millingen" , x, , , , , 
"Moercapelle" , x, , , , , 
"Moergestel" , x, x, x, x, x, 
"Molenaarsgraaf" , x, , , , , 
"Monnikendam" , x, , , , , 
"Monster" , x, , , , , 
"Montfoort" , x, , , , , 
"Montfort" , x, , , , , 
"Mook en Middelaar" , x, , , , , 
"Moordrecht" , x, , , , , 
"Muiden" , x, , , , , 
"Munstergeleen" , x, , , , , 
"Muntendam" , x, , , , , 
"NAALDWIJK" , , , , , , x
"NAARDEN" , , , , , , x
"NEDERHEMERT" , , , , , , x
"NEDERHORST DEN BERG" , , , , , , x
"NEDERWEERT" , , , , , , x
"NEEDE" , , , , , , x
"NEER" , , , , , , x
"NEERITTER" , , , , , , x
"NEUZEN" , , , , , , x
"NIBBIXWOUD" , , , , , , x
"NIEUW- EN ST. JOOSLAND" , , , , , , x
"NIEUWE NIEDORP" , , , , , , x
"NIEUWE-PEKELA" , , , , , , x
"NIEUWE-SCHANS" , , , , , , x
"NIEUWENDAM" , , , , , , x
"NIEUWENHAGEN" , , , , , , x
"NIEUWENHOORN" , , , , , , x
"NIEUWER-AMSTEL" , , , , , , x
"NIEUWERKERK" , , , , , , x
"NIEUWERKERK A/D IJSSEL" , , , , , , x
"NIEUWKOOP" , , , , , , x
"NIEUWKUYK" , , , , , , x
"NIEUWLAND" , , , , , , x
"NIEUWLEUSEN" , , , , , , x
"NIEUWOLDA" , , , , , , x
"NIEUWPOORT" , , , , , , x
"NIEUWSTADT" , , , , , , x
"NIEUWVEEN" , , , , , , x
"NIEUWVLIET" , , , , , , x
"NIGTEVECHT" , , , , , , x
"NIJEVEEN" , , , , , , x
"NIJKERK" , , , , , , x
"NIJMEGEN" , , , , , , x
"NISSE" , , , , , , x
"NOORBEEK" , , , , , , x
"NOORD-SCHARWOUDE" , , , , , , x
"NOORDBROEK" , , , , , , x
"NOORDDIJK" , , , , , , x
"NOORDELOOS" , , , , , , x
"NOORDGOUWE" , , , , , , x
"NOORDWELLE" , , , , , , x
"NOORDWIJK" , , , , , , x
"NOORDWIJKERHOUT" , , , , , , x
"NOOTDORP" , , , , , , x
"NORG" , , , , , , x
"NULAND" , , , , , , x
"NUNHEM" , , , , , , x
"NUTH" , , , , , , x
"Naaldwijk" , x, , , , , 
"Naarden" , x, , , , , 
"Nederhemert" , x, , , , , 
"Nederhorst den Berg" , x, , , , , 
"Nederweert" , x, , , , , 
"Neede" , x, , , , , 
"Neer" , x, , , , , 
"Neeritter" , x, , , , , 
"Neuzen" , x, , , , , 
"Nibbixwoud" , x, , , , , 
"Nieuw Vonsemeer" , , , , x, , 
"Nieuw- en St. Joosland" , x, , , , , 
"Nieuw-Helvoet" , , , , , , x
"Nieuw-Vosmeer" , , x, , , x, 
"Nieuw-Vosmeer." , , , , , , x
"Nieuwe Niedorp" , x, , , , , 
"Nieuwe Pekela" , x, , , , , 
"Nieuwe Schans" , x, , , , , 
"Nieuwendam" , x, , , , , 
"Nieuwenhagen" , x, , , , , 
"Nieuwenhoorn" , x, , , , , 
"Nieuwer Amstel" , x, , , , , 
"Nieuwerkerk" , x, , , , , 
"Nieuwerkerk aan den IJssel" , x, , , , , 
"Nieuwkoop" , x, , , , , 
"Nieuwkuijk en Onsenoort" , , , , , x, 
"Nieuwkuik" , , x, , , , 
"Nieuwkuik c.a." , , , x, , , 
"Nieuwkuik, c. a." , x, , , , , 
"Nieuwland" , x, , , , , 
"Nieuwleusen" , x, , , , , 
"Nieuwolda" , x, , , , , 
"Nieuwpoort" , x, , , , , 
"Nieuwstadt" , x, , , , , 
"Nieuwveen" , x, , , , , 
"Nieuwvliet" , x, , , , , 
"Nieuwvosmeer" , x, , x, , , 
"Nigtevecht" , x, , , , , 
"Nijeveen" , x, , , , , 
"Nijkerk" , x, , , , , 
"Nijmegen" , x, , , , , 
"Niouwkuijk" , , , , x, , 
"Nisse" , x, , , , , 
"Nistelrode" , x, x, x, x, x, 
"Nistelrode." , , , , , , x
"Noorbeek" , x, , , , , 
"Noord-Scharwoude" , x, , , , , 
"Noordbrabant" , x, , , , , 
"Noordbroek" , x, , , , , 
"Noorddijk" , x, , , , , 
"Noordeloos" , x, , , , , 
"Noordgouwe" , x, , , , , 
"Noordholland" , x, , , , , 
"Noordwelle" , x, , , , , 
"Noordwijk" , x, , , , , 
"Noordwijkerhout" , x, , , , , 
"Nootdorp" , x, , , , , 
"Norg" , x, , , , , 
"Nuenen c.a." , , x, x, , , 
"Nuenen, Gerwen en Nederwetten" , , , , , x, 
"Nuenen, Gerwen- en Nederwetten" , , , , x, , 
"Nuenen, c. a." , x, , , , , 
"Nulaad" , , , , x, , 
"Nuland" , x, x, x, , x, 
"Numansdorp" , x, , , , , 
"Numansdorp." , , , , , , x
"Nunen e.a" , , , , , , x
"Nunhem" , x, , , , , 
"Nuth" , x, , , , , 
"OBBICHT EN PAPENHOVEN" , , , , , , x
"OBDAM" , , , , , , x
"ODIJK" , , , , , , x
"ODOLIENBERG (St.)" , , , , , , x
"ODOORN" , , , , , , x
"OEDENRODE" , , , , , , x
"OEFFELT" , , , , , , x
"OERLE" , , , , , , x
"OESTGEEST" , , , , , , x
"OHE EN LAAK" , , , , , , x
"OIJEN EN TEEFFELEN" , , , , , , x
"OIRSBEEK" , , , , , , x
"OIRSCHOT" , , , , , , x
"OISTERWIJK" , , , , , , x
"OLDEBROEK" , , , , , , x
"OLDEHOVEN" , , , , , , x
"OLDEKERK" , , , , , , x
"OLDEMARKT" , , , , , , x
"OLDENZAAL" , , , , , , x
"OLST" , , , , , , x
"OMMEN (AMBT)" , , , , , , x
"OMMEN (STAD)" , , , , , , x
"ONSTWEDDE" , , , , , , x
"OOLTGENSPLAAT" , , , , , , x
"OOST- EN WESTSOUBURG" , , , , , , x
"OOSTBURG" , , , , , , x
"OOSTDONGERADEEL" , , , , , , x
"OOSTELBEERS" , , , , , , x
"OOSTERHESSELEN" , , , , , , x
"OOSTERHOUT" , , , , , , x
"OOSTERLAND" , , , , , , x
"OOSTHUIZEN" , , , , , , x
"OOSTKAPELLE" , , , , , , x
"OOSTMARSUM" , , , , , , x
"OOSTSTELLINGWERF" , , , , , , x
"OOSTVOORNE" , , , , , , x
"OOSTZAAN" , , , , , , x
"OPHEMERT" , , , , , , x
"OPLOO C.A." , , , , , , x
"OPMEER" , , , , , , x
"OPPERDOES" , , , , , , x
"OPSTERLAND" , , , , , , x
"OSS" , , , , , , x
"OSSENDRECHT" , , , , , , x
"OSSENISSE" , , , , , , x
"OTERLEEK" , , , , , , x
"OTTERSUM" , , , , , , x
"OTTOLAND" , , , , , , x
"OUD EN NIEUW GASTEL" , , , , , , x
"OUD-VALKENBURG" , , , , , , x
"OUD-VOSSEMEER" , , , , , , x
"OUD-VROENHOVEN" , , , , , , x
"OUDDORP" , , , , , , x
"OUDE-NIEDORP" , , , , , , x
"OUDE-PEKELA" , , , , , , x
"OUDEKERK AAN DEN IJSSEL" , , , , , , x
"OUDELANDE" , , , , , , x
"OUDENBOSCH" , , , , , , x
"OUDENDIJK" , , , , , , x
"OUDENHOORN" , , , , , , x
"OUDENRIJN" , , , , , , x
"OUDER-AMSTEL" , , , , , , x
"OUDEWATER" , , , , , , x
"OUDHEUSDEN" , , , , , , x
"OUDKARSPEL" , , , , , , x
"OUDRORP" , , , , , , x
"OUDSHOORN" , , , , , , x
"OUWERKERK" , , , , , , x
"OVERASSELT" , , , , , , x
"OVERSCHIE" , , , , , , x
"OVERSLAG" , , , , , , x
"OVEZANDE" , , , , , , x
"Obbicht en Papenhoven" , x, , , , , 
"Obdam" , x, , , , , 
"Odijk" , x, , , , , 
"Odoorn" , x, , , , , 
"Oeffelt" , x, x, x, x, x, 
"Oegstgeest" , x, , , , , 
"Oerle" , x, x, x, , x, 
"Ohe en Laak" , x, , , , , 
"Oijen c.a." , , x, x, , , 
"Oijen en Teeffelen (Geene kom)" , , , , x, , 
"Oijen, c. a." , x, , , , , 
"Oirsbeek" , x, , , , , 
"Oirschot" , x, x, x, x, x, 
"Oisterwijk" , x, x, x, , x, 
"Oldebroek" , x, , , , , 
"Oldehove" , x, , , , , 
"Oldekerk" , x, , , , , 
"Oldemarkt" , x, , , , , 
"Oldenzaal" , x, , , , , 
"Olst" , x, , , , , 
"Ommen (Ambt)" , x, , , , , 
"Ommen (Stad)" , x, , , , , 
"Onstwedde" , x, , , , , 
"Ooltgensplaat" , x, , , , , 
"Oost- en West-Souburg" , x, , , , , 
"Oost-, West- en Middel- Beers (Geene Kom)" , , , , x, , 
"Oostburg" , x, , , , , 
"Oostdongeradeel" , x, , , , , 
"Oostelbeers" , , x, x, , , 
"Oostelbeers c.a." , , , , , x, 
"Oostelbeers, c. a." , x, , , , , 
"Oosterhesselen" , x, , , , , 
"Oosterhout" , x, x, x, x, x, 
"Oosterland" , x, , , , , 
"Oosthuizen" , x, , , , , 
"Oostkapelle" , x, , , , , 
"Ooststellingwerf" , x, , , , , 
"Oostvoorne" , x, , , , , 
"Oostzaan" , x, , , , , 
"Ootmarsum" , x, , , , , 
"Op- en Neer- Andel" , , , , x, , 
"Ophemert" , x, , , , , 
"Oploo c.a." , , x, x, , x, 
"Oploo, St anthonis en Ledeacker" , , , , x, , 
"Oploo, c. a." , x, , , , , 
"Opmeer" , x, , , , , 
"Opperdoes" , x, , , , , 
"Opsterland" , x, , , , , 
"Oss" , x, x, x, , x, 
"Ossendrecht" , x, x, x, , x, 
"Ossenisse" , x, , , , , 
"Oterleek" , x, , , , , 
"Ottersum" , x, , , , , 
"Ottoland" , x, , , , , 
"Oud en N. Gastel" , , , , , x, 
"Oud en Nieuw Gastel" , , , , , x, 
"Oud en nieuw gastel" , , , , x, , 
"Oud- en Nieuw-Gastel" , x, x, x, , , 
"Oud-Valkenburg" , x, , , , , 
"Oud-Vossemeer" , x, , , , , 
"Oud-Vroenhoven" , x, , , , , 
"Ouddorp" , x, , , , , 
"Oude Niedorp" , x, , , , , 
"Oude Pekela" , x, , , , , 
"Oudelande" , x, , , , , 
"Oudenbosch" , x, x, x, , x, 
"Oudendijk" , x, , , , , 
"Oudenhoorn" , x, , , , , 
"Oudenrhijn" , x, , , , , 
"Ouder Amstel" , x, , , , , 
"Ouderkerk aan den IJssel" , x, , , , , 
"Oudewater" , x, , , , , 
"Oudheusden" , , x, x, x, x, 
"Oudheusden, c. a." , x, , , , , 
"Oudkarspel" , x, , , , , 
"Oudorp" , x, , , , , 
"Oudshoorn" , x, , , , , 
"Ouwerkerk" , x, , , , , 
"Overasselt" , x, , , , , 
"Overijssel" , x, , , , , 
"Overschie" , x, , , , , 
"Overslag" , x, , , , , 
"Ovezande" , x, , , , , 
"Oyen c.a." , , , , , x, 
"PANCRAS (ST)" , , , , , , x
"PANNERDEN" , , , , , , x
"PAPEKOP" , , , , , , x
"PAPENDRECHT" , , , , , , x
"PEIZE" , , , , , , x
"PERNIS" , , , , , , x
"PETTEN" , , , , , , x
"PEURSUM" , , , , , , x
"PHILIPPINE" , , , , , , x
"PHILIPSLAND (ST)" , , , , , , x
"PIERSHIL" , , , , , , x
"PIETER (ST.)" , , , , , , x
"PIJNACKER" , , , , , , x
"POEDEROIJEN" , , , , , , x
"POLSBROEK" , , , , , , x
"POORTUGAAL" , , , , , , x
"POORTVLIET" , , , , , , x
"POSTERHOLT" , , , , , , x
"PRINCENHAGE" , , , , , , x
"PURMEREND" , , , , , , x
"PUTTE" , , , , , , x
"PUTTEN" , , , , , , x
"PUTTERSHOEK" , , , , , , x
"Pannerden" , x, , , , , 
"Papekop" , x, , , , , 
"Papendrecht" , x, , , , , 
"Peize" , x, , , , , 
"Pernis" , x, , , , , 
"Petten" , x, , , , , 
"Peursum" , x, , , , , 
"Philippine" , x, , , , , 
"Piershil" , x, , , , , 
"Pijnacker" , x, , , , , 
"Poederoijen" , x, , , , , 
"Polsbroek" , x, , , , , 
"Poortugaal" , x, , , , , 
"Poortvliet" , x, , , , , 
"Posterholt" , x, , , , , 
"Princenhage" , x, x, x, , , 
"Purmerende" , x, , , , , 
"Putte" , x, x, x, , x, 
"Putten" , x, , , , , 
"Puttershoek" , x, , , , , 
"RAALTE" , , , , , , x
"RAAMSDONK" , , , , , , x
"RANSDORP" , , , , , , x
"RAUWEDEHEM" , , , , , , x
"RAVENSTEIN" , , , , , , x
"REEK" , , , , , , x
"REEUWIJK" , , , , , , x
"RENKUM" , , , , , , x
"RENSWOUDE" , , , , , , x
"RETRANCHEMENT" , , , , , , x
"REUSEL" , , , , , , x
"RHEDEN" , , , , , , x
"RHENEN" , , , , , , x
"RHOON" , , , , , , x
"RIDDERKERK" , , , , , , x
"RIETHOVEN" , , , , , , x
"RIETVELD" , , , , , , x
"RIJNSATERWOUDE" , , , , , , x
"RIJNSBURG" , , , , , , x
"RIJP (DE)" , , , , , , x
"RIJSBERGEN" , , , , , , x
"RIJSEN" , , , , , , x
"RIJSENBURG" , , , , , , x
"RYCKHOLT" , , , , , , x
"Raalte" , x, , , , , 
"Raamsdonk" , x, x, x, , x, 
"Ransdorp" , x, , , , , 
"Rauwerderhem" , x, , , , , 
"Ravenstein" , x, x, x, x, x, 
"Reek" , x, x, x, , x, 
"Reeuwijk" , x, , , , , 
"Renesse" , x, , , , , 
"Renkum" , x, , , , , 
"Renswoude" , x, , , , , 
"Retranchement" , x, , , , , 
"Reusel" , x, x, x, , x, 
"Rheden" , x, , , , , 
"Rhenen" , x, , , , , 
"Rhijnsburg" , x, , , , , 
"Rhoon" , x, , , , , 
"Ridderkerk" , x, , , , , 
"Riethoven" , x, x, x, x, x, 
"Rietveld" , x, , , , , 
"Rijckholt" , x, , , , , 
"Rijnsaterwoude" , x, , , , , 
"Rijp" , x, , , , , 
"Rijsbergen" , x, x, x, x, x, 
"Rijsenburg" , x, , , , , 
"Rijssen" , x, , , , , 
"Rijswijk" , x, x, x, x, x, 
"Rijswijk (N. Br.)" , , , , , , x
"Rijswijk (Z.H." , , , , , , x
"Rilland - Bath" , , , , , , x
"Rilland en Maire" , x, , , , , 
"Rimburg" , x, , , , , 
"Ritthem" , x, , , , , x
"Rockanje" , x, , , , , x
"Roden" , x, , , , , x
"Roermond" , x, , , , , x
"Roggel" , x, , , , , x
"Rolde" , x, , , , , x
"Roosendaal en Nispen" , , , , x, , x
"Roosteren" , x, , , , , 
"Roozendaal en Nispen" , , , , , x, 
"Rosenburg" , , , , , , x
"Rosendaal" , x, , x, , , x
"Rosendaal c.a." , , x, , , , 
"Rosendaal, c. a." , x, , , , , 
"Rosmalen" , x, x, x, x, x, x
"Rossum" , x, , , , , x
"Rotterdam" , x, , , , , x
"Rozenburg" , x, , , , , 
"Ruchpen c.a." , , , , x, , x
"Rucphen" , x, , , , x, 
"Rucphen c.a." , , , x, , , 
"Rucphen c.a. (vervolg)" , , , , x, , 
"Ruephen c.a." , , x, , , , 
"Ruinen" , x, , , , , 
"Ruinen." , , , , , , x
"Ruinerwold" , x, , , , , 
"Ruinerwold." , , , , , , x
"Ruurlo" , x, , , , , 
"Ruurlo." , , , , , , x
"Ruwiel" , x, , , , , 
"Ruwiel." , , , , , , x
"SMILDE" , , , , , , x
"Sambeek" , x, x, x, x, x, 
"Sambeek." , , , , , , x
"Sappemeer" , x, , , , , 
"Sappemeer." , , , , , , x
"Sas van Gent" , x, , , , , 
"Sas-Van-Gent" , , , , , , x
"Sassenheim" , x, , , , , 
"Sassenheim." , , , , , , x
"Schaesberg" , x, , , , , 
"Schaesberg." , , , , , , x
"Schagen" , x, , , , , 
"Schaijk" , x, x, x, x, , 
"Schaijk." , , , , , , x
"Schalkwijk" , x, , , , , 
"Schalkwijk." , , , , , , x
"Schayk" , , , , , x, 
"Scheemda" , x, , , , , 
"Scheemda." , , , , , , x
"Schellinkhout" , x, , , , , 
"Schellinkhout." , , , , , , x
"Schelluinen" , x, , , , , 
"Schelluinen." , , , , , , x
"Schermerhorn" , x, , , , , 
"Schermerhorn." , , , , , , x
"Scherpenisse" , x, , , , , 
"Scherpenisse." , , , , , , x
"Scherpenzeel" , x, , , , , 
"Scherpenzerl." , , , , , , x
"Schiebroek" , x, , , , , 
"Schiebroek." , , , , , , x
"Schiedam" , x, , , , , 
"Schiedam." , , , , , , x
"Schiermonnikoog" , x, , , , , 
"Schiermonnikoog." , , , , , , x
"Schijndel" , x, x, x, , x, 
"Schijndel." , , , , , , x
"Schimmert" , x, , , , , 
"Schimmert." , , , , , , x
"Schin op Geulle" , x, , , , , 
"Schin op Geulle." , , , , , , x
"Schinnen" , x, , , , , 
"Schinnen." , , , , , , x
"Schinveld" , x, , , , , 
"Schinveld." , , , , , , x
"Schipluiden" , x, , , , , 
"Schipluiden." , , , , , , x
"Schoonbeek." , , , , , , x
"Schoondijke" , x, , , , , 
"Schoondijke." , , , , , , x
"Schoonhoven" , x, , , , , 
"Schoonhoven." , , , , , , x
"Schoonrewoerd" , x, , , , , 
"Schoonrewoerd." , , , , , , x
"Schoorl" , x, , , , , 
"Schoorl." , , , , , , x
"Schore" , x, , , , , 
"Schore." , , , , , , x
"Schoten" , x, , , , , 
"Schoten." , , , , , , x
"Schoterland" , x, , , , , 
"Schoterland." , , , , , , x
"Serooskerke" , x, , , , , 
"Serooskerke. (Schouwen)." , , , , , , x
"Serooskerke. (Walcheren)." , , , , , , x
"Sevenum" , x, , , , , 
"Sevenum." , , , , , , x
"Shagen." , , , , , , x
"Sijbekarspel" , x, , , , , x
"Simpelveld" , x, , , , , 
"Simpelveld." , , , , , , x
"Sittard" , x, , , , , 
"Sittard." , , , , , , x
"Sleen" , x, , , , , 
"Sleen." , , , , , , x
"Slenaken" , x, , , , , x
"Sliedrecht" , x, , , , , x
"Slochteren" , x, , , , , x
"Sloten" , x, , , , , 
"Sloten (Fr.)" , , , , , , x
"Sloten (N.H.)" , , , , , , x
"Sluipwijk" , x, , , , , 
"Sluis" , x, , , , , x
"Smallingerland" , x, , , , , x
"Smilde" , x, , , , , 
"Sneek" , x, , , , , x
"Snelrewaard" , x, , , , , x
"Soerendonk" , x, x, x, , x, 
"Soerendonk, Sterkel en Gastel" , , , , x, , 
"Soerendonk. C.a." , , , , , , x
"Soest" , x, , , , , x
"Someren" , x, x, x, , x, x
"Someren (Geene kom)" , , , , x, , 
"Sommelsdijk" , x, , , , , x
"Son" , , , x, , , 
"Son c. a." , , , , , x, 
"Son c.a." , , x, , , , 
"Son en Breugel" , , , , x, , x
"Son, c. a." , x, , , , , 
"Spaarndam" , x, , , , , x
"Spanbroek" , x, , , , , x
"Spaubeek" , x, , , , , x
"Spijkenisse" , x, , , , , x
"Sprang" , x, x, x, x, x, x
"St Oedenrode" , , , , x, , 
"St. Anna ter Muiden" , x, , , , , 
"St. Annaland" , x, , , , , 
"St. Jansteen" , x, , , , , 
"St. Kruis" , x, , , , , 
"St. Laurens" , x, , , , , 
"St. Maarten" , x, , , , , 
"St. Maartensdijk" , x, , , , , 
"St. Michiels-Gestel" , , x, , , , 
"St. Michielsgestel" , x, , x, , x, 
"St. Odilienberg" , x, , , , , 
"St. Oedenrode" , x, x, x, , x, 
"St. Oedenrode vervolg" , , , , x, , 
"St. Pancras" , x, , , , , 
"St. Philipsland" , x, , , , , 
"St. Pieter" , x, , , , , 
"Stad A/T Haringvliet" , , , , , , x
"Stad aan 't Haringvliet" , x, , , , , 
"Stamproij" , x, , , , , 
"Standdaarbuiten" , x, x, x, x, x, x
"Staphorst" , x, , , , , x
"Stavenisse" , x, , , , , x
"Stavoren" , x, , , , , x
"Ste. Geertruid" , x, , , , , 
"Stedum" , x, , , , , x
"Steenbergen" , , , x, , x, 
"Steenbergen c. a" , , , , , , x
"Steenbergen c.a." , , x, , , , 
"Steenbergen en Kruisland" , , , , x, , 
"Steenbergen, c. a." , x, , , , , 
"Steenderen" , x, , , , , x
"Steenwijk" , x, , , , , x
"Steenwijkerwold" , x, , , , , x
"Stein" , x, , , , , x
"Stellendam" , x, , , , , x
"Stevensweert" , x, , , , , x
"Stiphout" , x, x, x, x, x, x
"Stolwijk" , x, , , , , x
"Stompwijk" , x, , , , , x
"Stoppeldijk" , x, , , , , x
"Stoutenburg" , x, , , , , x
"Stramproy" , , , , , , x
"Stratum" , x, x, x, x, x, x
"Streefkerk" , x, , , , , x
"Strijen" , x, , , , , x
"Strijp" , x, x, x, x, x, x
"Strucht" , x, , , , , 
"Susteren" , x, , , , , x
"Swalmen" , x, , , , , x
"TOTAAL" , x, , , , , 
"TOTAAL DER GEMEENTEN BEN. DE 10000 ZIELEN" , x, , , , , 
"TOTAAL DER GEMEENTEN BEN. DE 10000 ZIELEN." , x, , , , , 
"TOTAAL DER PROVINCIE" , x, , , , , 
"TOTAAL DER PROVINCIE." , x, , , , , 
"Tegelen" , x, , , , , x
"Ten Boer" , x, , , , , x
"Ter Heijden" , , , , , , x
"Terheijden" , x, x, x, x, , 
"Terheyden" , , , , , x, 
"Termunten" , x, , , , , x
"Terschelling" , x, , , , , x
"Teteringen" , x, x, x, x, x, x
"Texel" , x, , , , , x
"Tholen" , x, , , , , x
"Thorn" , x, , , , , x
"Tiel" , x, , , , , x
"Tienhoven" , x, , , , , 
"Tienhoven (Utr.)" , , , , , , x
"Tienhoven (Z.H.)" , , , , , , x
"Tietjerksteradeel" , x, , , , , x
"Tilburg" , x, x, x, x, x, x
"Tilburg (vervolg)" , , , , x, , 
"Tonge (Nieuwe)" , x, , , , , 
"Tonge (Nieuwe-)" , , , , , , x
"Tonge (Oude)" , x, , , , , 
"Tonge (oude)" , , , , , , x
"Tongelre" , x, x, x, x, x, x
"Totaal" , x, , , , , 
"Tubbergen" , x, , , , , x
"Tull en 't Waal" , x, , , , , x
"Twisk" , x, , , , , x
"UBBERGEN" , , , , , , x
"UDEN" , , , , , , x
"UDENHOUT" , , , , , , x
"UITGEEST" , , , , , , x
"UITHOORN" , , , , , , x
"UITHUIZEN" , , , , , , x
"UITHUIZERMEEDEN" , , , , , , x
"UITINGERADEEL" , , , , , , x
"ULESTRATEN" , , , , , , x
"ULRUM" , , , , , , x
"URK" , , , , , , x
"URMOND" , , , , , , x
"URSUM" , , , , , , x
"USQUERT" , , , , , , x
"UTRECHT" , , , , , , x
"Ubach over Worms" , x, , , , , 
"Ubach over worms" , , , , , , x
"Ubbergen" , x, , , , , 
"Uden" , x, x, x, x, x, 
"Udenhout" , x, x, x, x, x, 
"Uitgeest" , x, , , , , 
"Uithoorn" , x, , , , , 
"Uithuistermeeden" , x, , , , , 
"Uithuizen" , x, , , , , 
"Ulestraten" , x, , , , , 
"Ulrum" , x, , , , , 
"Urk" , x, , , , , 
"Urmond" , x, , , , , 
"Ursem" , x, , , , , 
"Usquert" , x, , , , , 
"Utingeradeel" , x, , , , , 
"Utrecht" , x, , , , , 
"VAALS" , , , , , , x
"VALBURG" , , , , , , x
"VALKENBURG (L.)" , , , , , , x
"VALKENBURG (Z-H)" , , , , , , x
"VALKENSWAARD" , , , , , , x
"VARIK" , , , , , , x
"VEEN" , , , , , , x
"VEENDAM" , , , , , , x
"VEENENDAAL" , , , , , , x
"VEERE" , , , , , , x
"VEGHEL" , , , , , , x
"VELDHOVEN c.a." , , , , , , x
"VELDHUIZEN" , , , , , , x
"VELP" , , , , , , x
"VELSEN" , , , , , , x
"VENHUIZEN" , , , , , , x
"VENLO" , , , , , , x
"VENRAY" , , , , , , x
"VESSEM c.a." , , , , , , x
"VEUR" , , , , , , x
"VIANEN" , , , , , , x
"VIERLINGSBEEK" , , , , , , x
"VIERPOLDERS" , , , , , , x
"VINKEVEEN c.a." , , , , , , x
"VLAARDINGEN" , , , , , , x
"VLAARDINGER-AMBACHT" , , , , , , x
"VLAGTWEDDE" , , , , , , x
"VLEDDER" , , , , , , x
"VLEUTEN" , , , , , , x
"VLIELAND" , , , , , , x
"VLIERDEN" , , , , , , x
"VLIJMEN" , , , , , , x
"VLISSINGEN" , , , , , , x
"VLIST" , , , , , , x
"VLODROP" , , , , , , x
"VOERENDAAL" , , , , , , x
"VOLLENHOVE (AMBT)" , , , , , , x
"VOLLENHOVE (STAD)" , , , , , , x
"VOORBURG" , , , , , , x
"VOORHOUT" , , , , , , x
"VOORSCHOTEN" , , , , , , x
"VOORST" , , , , , , x
"VORDEN" , , , , , , x
"VREELAND" , , , , , , x
"VREESWIJK" , , , , , , x
"VRIES" , , , , , , x
"VRIEZENVEEN" , , , , , , x
"VRIJENBAN" , , , , , , x
"VRIJHOEVE-CAPELLLE" , , , , , , x
"VROUWENPOLDER" , , , , , , x
"VUGHT" , , , , , , x
"VUREN" , , , , , , x
"Vaals" , x, , , , , 
"Valburg" , x, , , , , 
"Valkenburg" , x, , , , , 
"Valkenswaard" , x, x, x, x, x, 
"Varik" , x, , , , , 
"Veen" , x, x, x, , x, 
"Veen (Geene kom)" , , , , x, , 
"Veendam" , x, , , , , 
"Veenendaal" , x, , , , , 
"Veere" , x, , , , , 
"Veghel" , x, x, x, x, x, 
"Veghel (vervolg)" , , , , x, , 
"Veldhoven" , , x, x, , , 
"Veldhoven c. a." , , , , , x, 
"Veldhoven en Mereveldhoven" , , , , x, , 
"Veldhoven, c. a." , x, , , , , 
"Veldhuizen" , x, , , , , 
"Velp" , x, x, x, x, x, 
"Velzen" , x, , , , , 
"Venhuizen" , x, , , , , 
"Venlo" , x, , , , , 
"Venraij" , x, , , , , 
"Vessem c.a." , , , x, , , 
"Vessem c.a. (Geene kom)" , , x, , , , 
"Vessem, Wintelre en Knegsel" , , , , , x, 
"Vessem, Wintelre en Knegsel (Geene kom)" , , , , x, , 
"Vessem, c. a." , x, , , , , 
"Veur" , x, , , , , 
"Vianen" , x, , , , , 
"Vierlingsbeek" , x, x, x, x, x, 
"Vierpolders" , x, , , , , 
"Vinkeveen en Waverveen" , x, , , , , 
"Vlaardingen" , x, , , , , 
"Vlaardinger-Ambacht" , x, , , , , 
"Vlagtwedde" , x, , , , , 
"Vledder" , x, , , , , 
"Vleuten" , x, , , , , 
"Vlieland" , x, , , , , 
"Vlierden" , x, x, x, x, x, 
"Vlijmen" , x, x, x, x, x, 
"Vlissingen" , x, , , , , 
"Vlist" , x, , , , , 
"Vlodrop" , x, , , , , 
"Voerendaal" , x, , , , , 
"Vollenhove (Ambt)" , x, , , , , 
"Vollenhove (Stad)" , x, , , , , 
"Voorburg" , x, , , , , 
"Voorhout" , x, , , , , 
"Voorschoten" , x, , , , , 
"Voorst" , x, , , , , 
"Vorden" , x, , , , , 
"Vreeland" , x, , , , , 
"Vreeswijk" , x, , , , , 
"Vries" , x, , , , , 
"Vriezenveen" , x, , , , , 
"Vrijenban" , x, , , , , 
"Vrijhoeve Capelle" , x, , , , x, 
"Vrijhoeve-Capelle" , , , x, x, , 
"Vrijhoeve-Cappelle" , , x, , , , 
"Vrouwenpolder" , x, , , , , 
"Vught" , x, x, x, x, x, 
"Vuren" , x, , , , , 
"WAALRE" , , , , , , x
"WAALWIJK" , , , , , , x
"WAARDE" , , , , , , x
"WAARDENBURG" , , , , , , x
"WAARDER" , , , , , , x
"WADDINXVEEN" , , , , , , x
"WADENOIJEN" , , , , , , x
"WAGENINGEN" , , , , , , x
"WAMEL" , , , , , , x
"WANNEPERVEEN" , , , , , , x
"WANROY" , , , , , , x
"WANSSUM" , , , , , , x
"WARDER" , , , , , , x
"WARFFUM" , , , , , , x
"WARMENHUIZEN" , , , , , , x
"WARMOND" , , , , , , x
"WARNSVELD" , , , , , , x
"WASPIK" , , , , , , x
"WASSENAAR" , , , , , , x
"WATERGRAAFSMEER" , , , , , , x
"WATERINGEN" , , , , , , x
"WATERLANDKERKJE" , , , , , , x
"WEDDE" , , , , , , x
"WEERSELO" , , , , , , x
"WEERT" , , , , , , x
"WEESP" , , , , , , x
"WEESPERKARSPEL" , , , , , , x
"WEHL" , , , , , , x
"WEMELDINGEN" , , , , , , x
"WERKEN EN SLEEUWIJK (DE)" , , , , , , x
"WERKENDAM" , , , , , , x
"WERKHOVEN" , , , , , , x
"WERVERSHOOF" , , , , , , x
"WESSEM" , , , , , , x
"WESTBROEK" , , , , , , x
"WESTDONGERADEEL" , , , , , , x
"WESTDORPE" , , , , , , x
"WESTERBORK" , , , , , , x
"WESTERHOVEN" , , , , , , x
"WESTERVOORT" , , , , , , x
"WESTKAPELLE" , , , , , , x
"WESTMAAS" , , , , , , x
"WESTSTELLINGWERF" , , , , , , x
"WESTWOUD" , , , , , , x
"WESTZAAN" , , , , , , x
"WIERDEN" , , , , , , x
"WIERINGEN" , , , , , , x
"WIERINGERWAARD" , , , , , , x
"WIJCHEN" , , , , , , x
"WIJDENES" , , , , , , x
"WIJDEWORMER" , , , , , , x
"WIJHE" , , , , , , x
"WIJK (DE)" , , , , , , x
"WIJK AAN ZEE EN DUIN" , , , , , , x
"WIJK BIJ DUURSTEDE" , , , , , , x
"WIJK C.A." , , , , , , x
"WIJLRE" , , , , , , x
"WIJMBRITSERADEEL" , , , , , , x
"Waalre" , x, x, x, x, x, 
"Waalwijk" , x, x, x, x, x, 
"Waarde" , x, , , , , 
"Waardenburg" , x, , , , , 
"Waarder" , x, , , , , 
"Waddinxveen (Noord-)" , x, , , , , 
"Waddinxveen (Zuid-)" , x, , , , , 
"Wadenoijen" , x, , , , , 
"Wageningen" , x, , , , , 
"Wamel" , x, , , , , 
"Wanneperveen" , x, , , , , 
"Wanroij" , , , , x, , 
"Wanroij (vervolg)" , , , , x, , 
"Wanrooij" , x, x, x, , , 
"Wanroy" , , , , , x, 
"Wanssum" , x, , , , , 
"Warder" , x, , , , , 
"Warffum" , x, , , , , 
"Warmenhuizen" , x, , , , , 
"Warmond" , x, , , , , 
"Warnsveld" , x, , , , , 
"Waspik" , x, x, x, x, x, 
"Wassenaar" , x, , , , , 
"Watergraafsmeer" , x, , , , , 
"Wateringen" , x, , , , , 
"Waterlandskerkje" , x, , , , , 
"Wedde" , x, , , , , 
"Weerselo" , x, , , , , 
"Weert" , x, , , , , 
"Weesp" , x, , , , , 
"Weesperkarspel" , x, , , , , 
"Wehl" , x, , , , , 
"Wemeldinge" , x, , , , , 
"Werken" , , , x, , , 
"Werken, c. a." , x, , , , , 
"Werkendam" , x, x, x, x, x, 
"Werkhoven" , x, , , , , 
"Wervershoof" , x, , , , , 
"Wessem" , x, , , , , 
"Westbroek" , x, , , , , 
"Westdongeradeel" , x, , , , , 
"Westdorpe" , x, , , , , 
"Westerbork" , x, , , , , 
"Westerhoven" , x, x, x, x, x, 
"Westervoort" , x, , , , , 
"Westkapelle" , x, , , , , 
"Westmaas" , x, , , , , 
"Weststellingwerf" , x, , , , , 
"Westwoud" , x, , , , , 
"Westzaan" , x, , , , , 
"Wierden" , x, , , , , 
"Wieringen" , x, , , , , 
"Wieringerwaard" , x, , , , , 
"Wijchen" , x, , , , , 
"Wijdenes" , x, , , , , 
"Wijdewormer" , x, , , , , 
"Wijhe" , x, , , , , 
"Wijk (de)" , x, , , , , 
"Wijk aan Zee en Duin" , x, , , , , 
"Wijk bij Duurstede" , x, , , , , 
"Wijk c. a." , , , , , x, 
"Wijk c.a." , , x, , , , 
"Wijk en Aalburg" , , , x, , , 
"Wijk en Aalburg (Geene kom)" , , , , x, , 
"Wijk, c. a." , x, , , , , 
"Wijlre" , x, , , , , 
"Wijmbritseradeel" , x, , , , , 
"Wijnandsrade" , x, , , , , x
"Wijngaarden" , x, , , , , x
"Wildervank" , x, , , , , x
"Willemstad" , x, x, x, x, x, x
"Willeskop" , x, , , , , x
"Willige Langerak" , x, , , , , x
"Wilnis" , x, , , , , x
"Wilsum" , x, , , , , x
"Winkel" , x, , , , , x
"Winschoten" , x, , , , , x
"Winsum" , x, , , , , x
"Winterswijk" , x, , , , , x
"Wisch" , x, , , , , x
"Wissekerke" , , , , , , x
"Wissenkerke" , x, , , , , 
"Wittem" , x, , , , , x
"Woensdrecht" , x, , x, x, x, x
"Woensdrecht c.a." , , x, , , , 
"Woensel" , , , x, x, x, x
"Woensel c.a." , , x, , , , 
"Woensel, c. a." , x, , , , , 
"Woerden" , x, , , , , x
"Wognum" , x, , , , , x
"Wolphaartsdijk" , x, , , , , x
"Wonseradeel" , x, , , , , x
"Workum" , x, , , , , x
"Wormer" , x, , , , , x
"Wormerveer" , x, , , , , x
"Woubrugge" , x, , , , , x
"Woudenberg" , x, , , , , x
"Woudrichem" , , x, x, x, x, x
"Woudrichem, c. a." , x, , , , , 
"Wouw" , x, x, x, x, x, x
"Yerseke" , , , , , , x
"Zaamslag" , x, , , , , x
"Zaandam" , x, , , , , x
"Zaandijk" , x, , , , , x
"Zalk en Veecaten" , x, , , , , x
"Zaltbommel" , , , , , , x
"Zandvoort" , x, , , , , x
"Zeeland" , x, x, x, x, x, x
"Zeeland (vervolg)" , , , , x, , 
"Zeelst" , x, x, x, x, x, x
"Zegveld" , x, , , , , x
"Zegwaard" , x, , , , , x
"Zeijst" , x, , , , , 
"Zeist" , , , , , , x
"Zelhem" , x, , , , , x
"Zes Gehuchten" , , x, , , x, 
"Zes gehuchten" , x, , , x, , 
"Zesgehuchten" , , , x, , , x
"Zevenaar" , x, , , , , x
"Zevenbergen" , x, x, x, x, x, x
"Zevenbergen (vervolg)" , , , , x, , 
"Zevenhoven" , x, , , , , x
"Zevenhuizen" , x, , , , , x
"Zierikzee" , x, , , , , x
"Zijpe" , x, , , , , x
"Zoelen" , x, , , , , x
"Zoetermeer" , x, , , , , x
"Zoeterwoude" , x, , , , , x
"Zonnemaire" , x, , , , , x
"Zoutelande" , x, , , , , x
"Zuid- en Noord-Schermer" , x, , , , , 
"Zuid- en Noordschermer" , , , , , , x
"Zuid-Schalkwijk, c.a." , x, , , , , 
"Zuid-Scharwoude" , x, , , , , x
"Zuidbroek" , x, , , , , x
"Zuiddorpe" , x, , , , , x
"Zuidholland" , x, , , , , 
"Zuidhorn" , x, , , , , x
"Zuidland" , x, , , , , x
"Zuidlaren" , x, , , , , x
"Zuidwolde" , x, , , , , x
"Zuidzande" , x, , , , , x
"Zuijlen" , x, , , , , 
"Zuilen" , , , , , , x
"Zuilichem" , x, , , , , x
"Zundert" , x, x, x, x, x, x
"Zutphen" , x, , , , , x
"Zwaag" , x, , , , , x
"Zwaluwe" , x, x, x, , , 
"Zwammerdam" , x, , , , , x
"Zwartewaal" , x, , , , , x
"Zwartsluis" , x, , , , , x
"Zweelo" , x, , , , , 
"Zweeloo" , , , , , , x
"Zwijndrecht" , x, , , , , x
"Zwolle" , x, , , , , x
"Zwollerkerspel" , x, , , , , x
"de Werken c.a." , , x, , , , 
"den Dungen" , , x, x, , , 
"meeuwen" , , , , , , x
"s GRAVENLAND" , , , , , , x
"s GRAVENMOER" , , , , , , x
"s GRAVENPOLDER" , , , , , , x
"s GRAVENZANDE" , , , , , , x
"s Gravemoer" , , x, , , , 
"s Gravenmoer" , , , , x, , 
"s HEER-ARENDSKERKE" , , , , , , x
"s HEERENHOEK" , , , , , , x
"s Herthogenbosch" , , , , x, , 
"s Hertogenbosch" , , x, , , , x
"s'HEER-AMBTSKERKE" , , , , , , x
"s-GRAVENDEEL" , , , , , , x
"s-GRAVENHAGE" , , , , , , x
"t BILDT" , , , , , , x
"t Zandt" , , , , , , x
